frame,split,participant,camera,step,frame_index,segment_start,segment_end,video,verified
P06_cam01_take_cup_00070.jpg,dev,P06,cam01,take_cup,70,47,95,data/BreakfastII_15fps_qvga_sync/P06/cam01/P06_tea.avi, unclear
P06_cam01_add_teabag_00145.jpg,dev,P06,cam01,add_teabag,145,95,197,data/BreakfastII_15fps_qvga_sync/P06/cam01/P06_tea.avi, yes
P06_cam01_pour_water_00338.jpg,dev,P06,cam01,pour_water,338,197,482,data/BreakfastII_15fps_qvga_sync/P06/cam01/P06_tea.avi, yes
P07_webcam01_take_cup_00099.jpg,dev,P07,webcam01,take_cup,99,50,151,data/BreakfastII_15fps_qvga_sync/P07/webcam01/P07_tea.avi, yes
P07_webcam01_add_teabag_00196.jpg,dev,P07,webcam01,add_teabag,196,151,244,data/BreakfastII_15fps_qvga_sync/P07/webcam01/P07_tea.avi, yes
P07_webcam01_pour_water_00341.jpg,dev,P07,webcam01,pour_water,341,244,441,data/BreakfastII_15fps_qvga_sync/P07/webcam01/P07_tea.avi, yes
P12_cam01_add_teabag_00061.jpg,dev,P12,cam01,add_teabag,61,30,94,data/BreakfastII_15fps_qvga_sync/P12/cam01/P12_tea.avi, no
P12_cam01_pour_water_00148.jpg,dev,P12,cam01,pour_water,148,94,204,data/BreakfastII_15fps_qvga_sync/P12/cam01/P12_tea.avi, yes
P14_cam01_add_teabag_00133.jpg,dev,P14,cam01,add_teabag,133,96,173,data/BreakfastII_15fps_qvga_sync/P14/cam01/P14_tea.avi, unclear
P14_cam01_pour_water_00281.jpg,dev,P14,cam01,pour_water,281,173,391,data/BreakfastII_15fps_qvga_sync/P14/cam01/P14_tea.avi, yes
P15_cam01_add_teabag_00059.jpg,dev,P15,cam01,add_teabag,59,10,110,data/BreakfastII_15fps_qvga_sync/P15/cam01/P15_tea.avi, unclear
P15_cam01_pour_water_00201.jpg,dev,P15,cam01,pour_water,201,110,295,data/BreakfastII_15fps_qvga_sync/P15/cam01/P15_tea.avi, yes
P19_cam01_pour_water_00132.jpg,dev,P19,cam01,pour_water,132,48,218,data/BreakfastII_15fps_qvga_sync/P19/cam01/P19_tea.avi, yes
P19_cam01_add_teabag_00277.jpg,dev,P19,cam01,add_teabag,277,218,338,data/BreakfastII_15fps_qvga_sync/P19/cam01/P19_tea.avi, yes
P22_cam01_add_teabag_00101.jpg,dev,P22,cam01,add_teabag,101,86,119,data/BreakfastII_15fps_qvga_sync/P22/cam01/P22_tea.avi, unclear
P22_cam01_pour_water_00203.jpg,dev,P22,cam01,pour_water,203,119,290,data/BreakfastII_15fps_qvga_sync/P22/cam01/P22_tea.avi, yes
P24_cam01_take_cup_00162.jpg,dev,P24,cam01,take_cup,162,106,221,data/BreakfastII_15fps_qvga_sync/P24/cam01/P24_tea.avi, unclear
P24_cam01_add_teabag_00263.jpg,dev,P24,cam01,add_teabag,263,221,307,data/BreakfastII_15fps_qvga_sync/P24/cam01/P24_tea.avi, unclear
P24_cam01_pour_water_00507.jpg,dev,P24,cam01,pour_water,507,307,710,data/BreakfastII_15fps_qvga_sync/P24/cam01/P24_tea.avi, yes
P26_webcam02_add_teabag_00215.jpg,dev,P26,webcam02,add_teabag,215,11,421,data/BreakfastII_15fps_qvga_sync/P26/webcam02/P26_tea.avi, yes
P26_webcam02_pour_water_00545.jpg,dev,P26,webcam02,pour_water,545,421,671,data/BreakfastII_15fps_qvga_sync/P26/webcam02/P26_tea.avi, yes
P29_cam01_add_teabag_00209.jpg,dev,P29,cam01,add_teabag,209,50,370,data/BreakfastII_15fps_qvga_sync/P29/cam01/P29_tea.avi, unclear
P29_cam01_pour_water_00499.jpg,dev,P29,cam01,pour_water,499,370,630,data/BreakfastII_15fps_qvga_sync/P29/cam01/P29_tea.avi, yes
P30_cam01_add_teabag_00073.jpg,dev,P30,cam01,add_teabag,73,22,127,data/BreakfastII_15fps_qvga_sync/P30/cam01/P30_tea.avi, unclear 
P30_cam01_pour_water_00211.jpg,dev,P30,cam01,pour_water,211,127,297,data/BreakfastII_15fps_qvga_sync/P30/cam01/P30_tea.avi, yes
P33_cam01_take_cup_00064.jpg,dev,P33,cam01,take_cup,64,30,100,data/BreakfastII_15fps_qvga_sync/P33/cam01/P33_tea.avi, yes
P33_cam01_pour_water_00179.jpg,dev,P33,cam01,pour_water,179,100,260,data/BreakfastII_15fps_qvga_sync/P33/cam01/P33_tea.avi, yes
P33_cam01_add_teabag_00354.jpg,dev,P33,cam01,add_teabag,354,260,450,data/BreakfastII_15fps_qvga_sync/P33/cam01/P33_tea.avi, no
P35_cam01_add_teabag_00166.jpg,dev,P35,cam01,add_teabag,166,50,285,data/BreakfastII_15fps_qvga_sync/P35/cam01/P35_tea.avi, no
P35_cam01_pour_water_00349.jpg,dev,P35,cam01,pour_water,349,285,415,data/BreakfastII_15fps_qvga_sync/P35/cam01/P35_tea.avi, yes
P43_cam02_take_cup_00140.jpg,dev,P43,cam02,take_cup,140,126,157,data/BreakfastII_15fps_qvga_sync/P43/cam02/P43_tea.avi, unclear
P43_cam02_add_teabag_00235.jpg,dev,P43,cam02,add_teabag,235,157,316,data/BreakfastII_15fps_qvga_sync/P43/cam02/P43_tea.avi, yes
P43_cam02_pour_water_00445.jpg,dev,P43,cam02,pour_water,445,316,576,data/BreakfastII_15fps_qvga_sync/P43/cam02/P43_tea.avi, yes
P49_cam01_add_teabag_00060.jpg,dev,P49,cam01,add_teabag,60,11,111,data/BreakfastII_15fps_qvga_sync/P49/cam01/P49_tea.avi, yes
P49_cam01_pour_water_00225.jpg,dev,P49,cam01,pour_water,225,111,341,data/BreakfastII_15fps_qvga_sync/P49/cam01/P49_tea.avi, yes
P03_cam01_take_cup_00163.jpg,test,P03,cam01,take_cup,163,89,239,data/BreakfastII_15fps_qvga_sync/P03/cam01/P03_tea.avi, unclear
P03_cam01_add_teabag_00578.jpg,test,P03,cam01,add_teabag,578,239,919,data/BreakfastII_15fps_qvga_sync/P03/cam01/P03_tea.avi, no
P03_cam01_pour_water_01045.jpg,test,P03,cam01,pour_water,1045,919,1174,data/BreakfastII_15fps_qvga_sync/P03/cam01/P03_tea.avi, yes
P05_cam01_take_cup_00206.jpg,test,P05,cam01,take_cup,206,127,288,data/BreakfastII_15fps_qvga_sync/P05/cam01/P05_tea.avi, no
P09_cam01_pour_water_00212.jpg,test,P09,cam01,pour_water,212,143,283,data/BreakfastII_15fps_qvga_sync/P09/cam01/P09_tea.avi, yes
P09_cam01_add_teabag_00332.jpg,test,P09,cam01,add_teabag,332,283,383,data/BreakfastII_15fps_qvga_sync/P09/cam01/P09_tea.avi, yes
P10_webcam01_take_cup_00150.jpg,test,P10,webcam01,take_cup,150,66,236,data/BreakfastII_15fps_qvga_sync/P10/webcam01/P10_tea.avi, yes
P10_webcam01_pour_water_00387.jpg,test,P10,webcam01,pour_water,387,236,541,data/BreakfastII_15fps_qvga_sync/P10/webcam01/P10_tea.avi, yes
P10_webcam01_add_teabag_00602.jpg,test,P10,webcam01,add_teabag,602,541,666,data/BreakfastII_15fps_qvga_sync/P10/webcam01/P10_tea.avi, unclear
P16_cam01_add_teabag_00021.jpg,test,P16,cam01,add_teabag,21,2,42,data/BreakfastII_15fps_qvga_sync/P16/cam01/P16_tea.avi, no
P16_cam01_pour_water_00151.jpg,test,P16,cam01,pour_water,151,42,262,data/BreakfastII_15fps_qvga_sync/P16/cam01/P16_tea.avi, yes
P17_cam01_add_teabag_00149.jpg,test,P17,cam01,add_teabag,149,75,225,data/BreakfastII_15fps_qvga_sync/P17/cam01/P17_tea.avi, no
P17_cam01_pour_water_00394.jpg,test,P17,cam01,pour_water,394,225,565,data/BreakfastII_15fps_qvga_sync/P17/cam01/P17_tea.avi, unclear
P20_cam01_take_cup_00074.jpg,test,P20,cam01,take_cup,74,10,140,data/BreakfastII_15fps_qvga_sync/P20/cam01/P20_tea.avi, no
P21_cam01_add_teabag_00473.jpg,test,P21,cam01,add_teabag,473,392,556,data/BreakfastII_15fps_qvga_sync/P21/cam01/P21_tea.avi, no
P21_cam01_pour_water_00617.jpg,test,P21,cam01,pour_water,617,556,680,data/BreakfastII_15fps_qvga_sync/P21/cam01/P21_tea.avi, yes
P23_cam01_take_cup_00112.jpg,test,P23,cam01,take_cup,112,86,141,data/BreakfastII_15fps_qvga_sync/P23/cam01/P23_tea.avi, yes
P23_cam01_add_teabag_00210.jpg,test,P23,cam01,add_teabag,210,141,281,data/BreakfastII_15fps_qvga_sync/P23/cam01/P23_tea.avi, unclear
P23_cam01_pour_water_00440.jpg,test,P23,cam01,pour_water,440,281,601,data/BreakfastII_15fps_qvga_sync/P23/cam01/P23_tea.avi, yes
P27_cam01_add_teabag_00447.jpg,test,P27,cam01,add_teabag,447,331,566,data/BreakfastII_15fps_qvga_sync/P27/cam01/P27_tea.avi, unclear
P27_cam01_pour_water_00730.jpg,test,P27,cam01,pour_water,730,566,896,data/BreakfastII_15fps_qvga_sync/P27/cam01/P27_tea.avi, yes
P31_cam01_take_cup_00138.jpg,test,P31,cam01,take_cup,138,34,244,data/BreakfastII_15fps_qvga_sync/P31/cam01/P31_tea.avi, yes
P31_cam01_add_teabag_00333.jpg,test,P31,cam01,add_teabag,333,244,424,data/BreakfastII_15fps_qvga_sync/P31/cam01/P31_tea.avi, no
P31_cam01_pour_water_00568.jpg,test,P31,cam01,pour_water,568,424,714,data/BreakfastII_15fps_qvga_sync/P31/cam01/P31_tea.avi, yes
P32_cam01_add_teabag_00189.jpg,test,P32,cam01,add_teabag,189,120,260,data/BreakfastII_15fps_qvga_sync/P32/cam01/P32_tea.avi, yes
P32_cam01_pour_water_00331.jpg,test,P32,cam01,pour_water,331,260,405,data/BreakfastII_15fps_qvga_sync/P32/cam01/P32_tea.avi, yes
P34_cam01_take_cup_00127.jpg,test,P34,cam01,take_cup,127,81,176,data/BreakfastII_15fps_qvga_sync/P34/cam01/P34_tea.avi, no
P36_cam01_add_teabag_00045.jpg,test,P36,cam01,add_teabag,45,11,81,data/BreakfastII_15fps_qvga_sync/P36/cam01/P36_tea.avi, yes
P36_cam01_pour_water_00160.jpg,test,P36,cam01,pour_water,160,81,241,data/BreakfastII_15fps_qvga_sync/P36/cam01/P36_tea.avi, yes
P38_cam01_add_teabag_00025.jpg,test,P38,cam01,add_teabag,25,2,50,data/BreakfastII_15fps_qvga_sync/P38/cam01/P38_tea.avi, unclear
P38_cam01_pour_water_00176.jpg,test,P38,cam01,pour_water,176,50,304,data/BreakfastII_15fps_qvga_sync/P38/cam01/P38_tea.avi, yes
P39_cam01_take_cup_00090.jpg,test,P39,cam01,take_cup,90,51,131,data/BreakfastII_15fps_qvga_sync/P39/cam01/P39_tea.avi, unclear
P40_cam02_take_cup_00170.jpg,test,P40,cam02,take_cup,170,124,219,data/BreakfastII_15fps_qvga_sync/P40/cam02/P40_tea.avi, no
P41_cam01_take_cup_00050.jpg,test,P41,cam01,take_cup,50,31,72,data/BreakfastII_15fps_qvga_sync/P41/cam01/P41_tea.avi, yes
P42_cam01_take_cup_00065.jpg,test,P42,cam01,take_cup,65,11,121,data/BreakfastII_15fps_qvga_sync/P42/cam01/P42_tea.avi, yes
P44_cam01_take_cup_00069.jpg,test,P44,cam01,take_cup,69,10,130,data/BreakfastII_15fps_qvga_sync/P44/cam01/P44_tea.avi, no
P44_cam01_add_teabag_00194.jpg,test,P44,cam01,add_teabag,194,130,260,data/BreakfastII_15fps_qvga_sync/P44/cam01/P44_tea.avi, yes
P44_cam01_pour_water_00411.jpg,test,P44,cam01,pour_water,411,260,565,data/BreakfastII_15fps_qvga_sync/P44/cam01/P44_tea.avi, yes
P47_cam01_take_cup_00051.jpg,test,P47,cam01,take_cup,51,2,102,data/BreakfastII_15fps_qvga_sync/P47/cam01/P47_tea.avi, no
P47_cam01_add_teabag_00158.jpg,test,P47,cam01,add_teabag,158,102,217,data/BreakfastII_15fps_qvga_sync/P47/cam01/P47_tea.avi, yes
P47_cam01_pour_water_00306.jpg,test,P47,cam01,pour_water,306,217,397,data/BreakfastII_15fps_qvga_sync/P47/cam01/P47_tea.avi, yes
P48_cam01_take_cup_00102.jpg,test,P48,cam01,take_cup,102,31,176,data/BreakfastII_15fps_qvga_sync/P48/cam01/P48_tea.avi, no
P48_cam01_pour_water_00260.jpg,test,P48,cam01,pour_water,260,176,346,data/BreakfastII_15fps_qvga_sync/P48/cam01/P48_tea.avi, yes
P48_cam01_add_teabag_00405.jpg,test,P48,cam01,add_teabag,405,346,466,data/BreakfastII_15fps_qvga_sync/P48/cam01/P48_tea.avi, unclear
P50_cam01_take_cup_00093.jpg,test,P50,cam01,take_cup,93,2,187,data/BreakfastII_15fps_qvga_sync/P50/cam01/P50_tea.avi, yes
P50_cam01_add_teabag_00281.jpg,test,P50,cam01,add_teabag,281,187,377,data/BreakfastII_15fps_qvga_sync/P50/cam01/P50_tea.avi, yes
P50_cam01_pour_water_00500.jpg,test,P50,cam01,pour_water,500,377,626,data/BreakfastII_15fps_qvga_sync/P50/cam01/P50_tea.avi, yes
P51_cam01_take_cup_00100.jpg,test,P51,cam01,take_cup,100,21,182,data/BreakfastII_15fps_qvga_sync/P51/cam01/P51_tea.avi, yes
P53_cam02_take_cup_00055.jpg,test,P53,cam02,take_cup,55,11,101,data/BreakfastII_15fps_qvga_sync/P53/cam02/P53_tea.avi, no
P53_cam02_pour_water_00207.jpg,test,P53,cam02,pour_water,207,101,316,data/BreakfastII_15fps_qvga_sync/P53/cam02/P53_tea.avi, yes
P53_cam02_add_teabag_00492.jpg,test,P53,cam02,add_teabag,492,316,671,data/BreakfastII_15fps_qvga_sync/P53/cam02/P53_tea.avi, yes
P54_cam02_take_cup_00063.jpg,test,P54,cam02,take_cup,63,37,92,data/BreakfastII_15fps_qvga_sync/P54/cam02/P54_tea.avi, no
P54_cam02_pour_water_00159.jpg,test,P54,cam02,pour_water,159,92,229,data/BreakfastII_15fps_qvga_sync/P54/cam02/P54_tea.avi, yes
P54_cam02_add_teabag_00485.jpg,test,P54,cam02,add_teabag,485,229,744,data/BreakfastII_15fps_qvga_sync/P54/cam02/P54_tea.avi, unclear
